<?xml version="1.0" encoding="UTF-8"?>
<ivy-module version="2.0" xmlns:m="http://ant.apache.org/ivy/maven">
	<info organisation="org.fusesource.jansi"
		module="jansi-project"
		revision="1.11"
		status="release"
		publication="20130513185107"
	>
		<license name="The Apache Software License, Version 2.0" url="http://www.apache.org/licenses/LICENSE-2.0.txt" />
		<description homepage="http://${forge-project-id}.fusesource.org">
		Jansi is a java library for generating and interpreting ANSI escape sequences.
		</description>
		<m:properties__scala-plugin-version>2.15.2</m:properties__scala-plugin-version>
		<m:properties__jetty-plugin-version>7.0.1.v20091125</m:properties__jetty-plugin-version>
		<m:properties__slf4j-version>1.6.1</m:properties__slf4j-version>
		<m:properties__scala-version>2.9.0-1</m:properties__scala-version>
		<m:properties__scalate-version>1.5.1</m:properties__scalate-version>
		<m:properties__forge-project-id-uc>JANSI</m:properties__forge-project-id-uc>
		<m:properties__project.build.sourceEncoding>UTF-8</m:properties__project.build.sourceEncoding>
		<m:maven.plugins>org.apache.maven.plugins__maven-scm-plugin__1.5|org.apache.maven.plugins__maven-scm-plugin__1.5|org.apache.maven.plugins__maven-site-plugin__3.0|org.apache.maven.plugins__maven-dependency-plugin__2.3</m:maven.plugins>
		<m:properties__forge-project-id>jansi</m:properties__forge-project-id>
		<m:properties__scalamd-version>1.5</m:properties__scalamd-version>
	</info>
	<configurations>
		<conf name="default" visibility="public" description="runtime dependencies and master artifact can be used with this conf" extends="runtime,master"/>
		<conf name="master" visibility="public" description="contains only the artifact published by this module itself, with no transitive dependencies"/>
		<conf name="compile" visibility="public" description="this is the default scope, used if none is specified. Compile dependencies are available in all classpaths."/>
		<conf name="provided" visibility="public" description="this is much like compile, but indicates you expect the JDK or a container to provide it. It is only available on the compilation classpath, and is not transitive."/>
		<conf name="runtime" visibility="public" description="this scope indicates that the dependency is not required for compilation, but is for execution. It is in the runtime and test classpaths, but not the compile classpath." extends="compile"/>
		<conf name="test" visibility="private" description="this scope indicates that the dependency is not required for normal use of the application, and is only available for the test compilation and execution phases." extends="runtime"/>
		<conf name="system" visibility="public" description="this scope is similar to provided except that you have to provide the JAR which contains it explicitly. The artifact is always available and is not looked up in a repository."/>
		<conf name="sources" visibility="public" description="this configuration contains the source artifact of this module, if any."/>
		<conf name="javadoc" visibility="public" description="this configuration contains the javadoc artifact of this module, if any."/>
		<conf name="optional" visibility="public" description="contains all optional dependencies"/>
	</configurations>
	<publications>
	</publications>
</ivy-module>
