<?xml version="1.0" encoding="UTF-8"?>
<ivy-module version="2.0" xmlns:e="http://ant.apache.org/ivy/extra">
	<info organisation="org.scala-sbt" module="sbt" revision="0.13.13" status="release" publication="20161028130837">
		<description>
		sbt
		</description>
	</info>
	<configurations>
		<conf name="compile" visibility="public" description=""/>
		<conf name="runtime" visibility="public" description="" extends="compile"/>
		<conf name="test" visibility="public" description="" extends="runtime"/>
		<conf name="provided" visibility="public" description=""/>
		<conf name="optional" visibility="public" description=""/>
		
		
		
		
		<conf name="sources" visibility="public" description=""/>
		<conf name="docs" visibility="public" description=""/>
		<conf name="pom" visibility="public" description=""/>
		
	</configurations>
	<publications>
		<artifact name="sbt" type="jar" ext="jar" conf="compile"/>
		<artifact name="sbt" type="src" ext="jar" conf="sources" e:classifier="sources"/>
	</publications>
	<dependencies>
		
		<dependency org="org.scala-lang" name="scala-library" rev="2.10.6" conf="compile->default(compile)"/>
		<dependency org="org.scala-sbt" name="main" rev="0.13.13" conf="compile->default(compile)"/>
		<dependency org="org.scala-sbt" name="compiler-interface" rev="0.13.13" conf="compile->default(compile)"/>
		<dependency org="org.scala-sbt" name="scripted-sbt" rev="0.13.13" conf="test->test"/>
	</dependencies>
</ivy-module>
